-- phpMyAdmin SQL Dump
-- version 4.8.5
-- https://www.phpmyadmin.net/
--
-- Host: 127.0.0.1:3306
-- Generation Time: May 10, 2020 at 07:41 AM
-- Server version: 5.7.26
-- PHP Version: 7.2.18

SET SQL_MODE = "NO_AUTO_VALUE_ON_ZERO";
SET AUTOCOMMIT = 0;
START TRANSACTION;
SET time_zone = "+00:00";


/*!40101 SET @OLD_CHARACTER_SET_CLIENT=@@CHARACTER_SET_CLIENT */;
/*!40101 SET @OLD_CHARACTER_SET_RESULTS=@@CHARACTER_SET_RESULTS */;
/*!40101 SET @OLD_COLLATION_CONNECTION=@@COLLATION_CONNECTION */;
/*!40101 SET NAMES utf8mb4 */;

--
-- Database: `policedb`
--

-- --------------------------------------------------------

--
-- Table structure for table `comp_reg`
--

DROP TABLE IF EXISTS `comp_reg`;
CREATE TABLE IF NOT EXISTS `comp_reg` (
  `reg_id` int(11) NOT NULL,
  `complainer_name` varchar(30) NOT NULL,
  `c_phone` bigint(20) NOT NULL,
  `c_date` date NOT NULL,
  `c_descrip` text NOT NULL,
  `registerer_id` int(11) NOT NULL,
  `assnd_to` int(11) NOT NULL,
  PRIMARY KEY (`reg_id`),
  KEY `registerer_id` (`registerer_id`)
) ENGINE=MyISAM DEFAULT CHARSET=latin1;

--
-- Dumping data for table `comp_reg`
--

INSERT INTO `comp_reg` (`reg_id`, `complainer_name`, `c_phone`, `c_date`, `c_descrip`, `registerer_id`, `assnd_to`) VALUES
(1001, 'Zahir Dev Shere', 3636866751, '2013-09-09', 'DESCRIPTION', 203, 202),
(1002, 'Kartik Kota', 3456765432, '2014-06-04', 'DESCRIPTION', 205, 204),
(1003, 'Kartika Kotian', 9797865432, '2015-06-04', 'DESCRIPTION', 207, 206),
(1004, 'Manoj Mohabir', 3488857432, '2015-07-24', 'DESCRIPTION', 305, 304),
(1005, 'Namita Dada', 6577554327, '2016-06-04', 'DESCRIPTION', 307, 310),
(1006, 'Rimi Gala', 8685843432, '2016-07-04', 'DESCRIPTION', 303, 309),
(1007, 'Arjun Jani', 5869394755, '2016-08-04', 'DESCRIPTION', 403, 409),
(1008, 'Teena Magar', 7384952232, '2016-10-04', 'DESCRIPTION', 407, 410),
(1009, 'Abhinav Ratti', 3265667732, '2017-01-24', 'DESCRIPTION', 405, 404),
(1010, 'Hetan Faraz Jacob', 4767858899, '2017-02-24', 'DESCRIPTION', 505, 504),
(1011, 'Tarun Dasgupta', 5556667732, '2017-02-25', 'DESCRIPTION', 503, 508),
(1012, 'Hanuman Ganesh', 5544445532, '2017-02-28', 'DESCRIPTION', 507, 509),
(1016, 'YBHAV', 9898778889, '2019-10-30', 'vaibhav killed sawsthik.', 203, 208),
(1017, 'jhc', 1233423642, '2019-10-31', 'dvasjhdvsd', 507, 507),
(1018, 'hjgj', 786788, '2019-10-31', 'hhggvjb', 507, 506),
(1019, 'hnb', 1233423642, '2019-10-31', 'hhhhvvvvvvvvvvvvvv', 507, 506),
(1015, 'czc', 22, '2019-10-24', 'sdfz\r\n', 203, 202),
(1013, 'asvsa', 2222, '2019-10-24', 'dsa', 203, 202),
(1014, 'asvsa', 2222, '2019-10-24', 'dsa', 203, 208);

-- --------------------------------------------------------

--
-- Table structure for table `crimial`
--

DROP TABLE IF EXISTS `crimial`;
CREATE TABLE IF NOT EXISTS `crimial` (
  `cri_id` int(11) NOT NULL,
  `cri_name` varchar(30) NOT NULL,
  `sex` varchar(8) NOT NULL,
  `dob` date NOT NULL,
  `descrip` text,
  `lastseenaddr` text NOT NULL,
  `cri_img_name` varchar(255) DEFAULT NULL,
  `image` longblob
) ENGINE=MyISAM DEFAULT CHARSET=latin1;

--
-- Dumping data for table `crimial`
--

INSERT INTO `crimial` (`cri_id`, `cri_name`, `sex`, `dob`, `descrip`, `lastseenaddr`, `cri_img_name`, `image`) VALUES
(5001, 'Wafiq Brock Gole', 'male', '1976-04-13', NULL, 'Rupal Nagar Noida', NULL, NULL),
(5002, 'Satishwar Lal', 'male', '1985-09-04', NULL, 'NarmadaGunj Mumbai', NULL, NULL),
(5003, 'Amir Sampath', 'male', '1977-11-23', NULL, 'MohanGarh, Surat', NULL, NULL),
(5004, 'Sahil Suresh Lad', 'male', '1987-06-22', NULL, 'Pooja Chowk Jamnagar', NULL, NULL),
(5005, 'Gunjan Basu', 'female', '1966-04-29', NULL, 'Chinchwad Jamnagar', NULL, NULL),
(5006, 'Chinchwad Jamnagar', 'male', '1986-09-05', NULL, ' Vikhroli Gandhinagar', NULL, NULL),
(5007, 'Venkat Ricky Kashyap', 'male', '1978-11-22', NULL, 'mangalore', NULL, NULL),
(5008, 'Jawahar Lal Ramson', 'male', '1988-12-22', NULL, 'Goregaon Kolkata', NULL, NULL),
(5009, 'Amir Sampath', 'male', '1977-11-23', NULL, 'MohanGarh, Surat', NULL, NULL),
(5018, 'Prakash', 'male', '1999-10-02', NULL, 'Mangalore', 'crim1.jpg', 0xffd8ffe000104a46494600010100000100010000ffdb00840009060712121215121210161515171617151515171515151515151818161617151715181d2820181a251d151521312125292b2e2e2e171f3338332d37282d2e2b010a0a0a0e0d0e1a10101b2b1d1f252b2b2d2d2d2d2d2b2d2d2d2d2b2d2d2d2d2d2d2d2d2f2d2d2d2d2d2d2d2b2d2d2d2d2d2d2d2d2d2d2b2d2d2d2d2d2d2b2b2bffc000110800ee00d403012200021101031101ffc4001c0000010501010100000000000000000000010002040506030708ffc4004510000103010404080a08060301010000000100020311041221310506415113225361718191b1073233727394a1b3c1d2141524425292d1f017233462e1f1436382a2d3ffc4001a010002030101000000000000000000000000010204050306ffc400251100020201040105010101000000000000000102031104122131321322334151148123ffda000c03010002110311003f00d768d89d244c7ba69cb9c2a4f0f30c493b03a83a94a163ff00b67f589fe64cd083ecf179bf12a78090c8a2c5ff006cfeb13fce9c2c23959fd627f9d4a013c0480862c03959fd627f9d3be803959fd627f9d4b01380464087f578e567f589fe747eaf6f293fac4ff3a9944404010beae6f293fac4ff003a2747b7949fd627f9d4da2ce6b7eb8d9b47b2b29bd2115642da5f76e26be2b79fbd1902dbeaf6f293fac4ff003283a5e6b35959c25a2d52c4dd85d699ea7a05fa95e27a77c24dbed468c7f00dfc316069b8bce27d8b236bb5be475e924748ecaf3dc5e69baaefde28c311eff61d6ed1b2baeb6dd20c4817ad33b4e199c5d805751da2ccf2032d8e71dc2d927ffa2f975c52691b518607d61f570a57849fd627f9d2fabdbca4feb13fcebe5fd1fa527b39bd04f2478d68c7902bce323d8bd57517c2a17b9b05ba82b836d03015d8246f3fe21d9b8c303d2feaf6f293fac4ff003a5f570e527f589fe7532270700e69041c41188237829d440c82747b7949fd627f9d03a3c72b3fac4ff3a9e4269080209b00e527f589fe74d3611cacfeb13fcea7909a420083f421cacfeb13fce9a6c43959fd627f9d4e2d4d210041fa1ffdb3fac4df3a69b27fdb3fac4df329c42e6e08111b465aa46195a25908126179ee79158e334abaa69527b525cecbe3cde907ba8d24c0eda0c7d9e2f33e254f0143d043ecf1799f12ac28818da273422027b42400ba886a7008d1003689109d459cd7cd66160b319000e90e11b4efde46e093029bc226be36c2de060baeb438615c5b103f78ef3b82f07b4dae496474b2bcc8f71ab9ce3524efff001b10d296d92691d2c8fbcf792e73b9cfef251838d3994e2b020bdf8a0703bd3dac2ea264ac20d7f754c3034807680808d740c276273e034069b521e0e2d6d3a1770e197b57220efc3720c6a046a754b5bed3a3a4fe5b8be23e342e71b8e1bdb5f15dce3ad7d0fa134ac76b823b4446ac91b51bc1dad77383815f29c4fa67d55c97aa780ed3772696c6f7e120e1221b2fb7c603a4107a8a1afb03d9a88513d22144673a20427d12401c884d2d5d484d210071704c2176213084015967f1e6f483ddc69230f949bd20f771a098895a047d9e2f307795620283a007d9a1f307795620243051380468880801511a220234400d5f3f7862d3bc3dacc6d3c48c5d1d2333dbdcbe8195b569033a15f2deb8405b3bab98739a4ef21c8fb0280296cb03dc06439abed42c1155d8857b0b54673da75a6b53ec812d9dcd6d032f738e8dc9965d1533abfcb7675cb05a6b052ab4101006781c69b5577a871fa2eff2297d9878b57e7240a06eca9cfa68ade4d5aa474652ad1b769da56a68288be414efaa8caf6d138e9a28f3ab46af4e312d6f6e3ec4cb36892d3c7a740f895b8b54800a73732a39b139215f27c09e9611e4a0b6d881180a28fa32dae8278a66388746f0e04731c4758af6abbb4373551a32c0f9676451b6f39cf00376e78fb31566a79452d44527c1f54c0fbcd6bbf1007b45574a26c115d6b5a3600174a299c0e744a89e8108039d13485d4a6908039109842ea426140150cf2937a41eee34916f949bd20f771a4a4226eaf8fb343e60ef2ac4281abe3ecd0f983bcab101218804404e0110900004ea249c100368be79f0b3a3b83b5cb4185e6bfa9c31f6afa257997866d0f7d91ce1b850c6f3d38b49ebef480f0fb1f8d8752d0d919b55268b83f9a5a7315ed0afe17918015dfb874a85c5ad3704db1d99e4e582ba86c0fa60ab2cd6895a38aca8da700474573561a3b4e48d347b411ba992a728c99a0ac4b82659ecaeae20fc1767580934a157d65b4b1e010065546d5696b05481cca1825b8cccfa1eb8aa5b6e8fb9fed76d33a6667c9469d9801975d1409f84ff0095fd58ae91adf79394ad5d60896a62d37810d1c0db6d1239b5e0a30d69a64e7bb673dd6959ee05c4660b766fe6a2daea3699b3e8fb34d2beaf9269a8d8db4be4358d1535f15a0d712ad54f053d426dac1eb144141d01a5d96b81b3c6080ea82d34ab5c0d0b4d30560ba951ac763688109c9108018426d13ca14401c9c304cbabb109a4200a3ff926f3c7bb8d24e3e566f3c7ba8d24c44fd5e1f6687cc1de5595157eaf7f4d0fa31de55880818a88d1380442400a228d11010002bc6b5ef5b64b513132b1c0d25ae00825ee07073b0c00a6437af6670c0f415e016e8b09da451ed9bb2afa2e767477d3c539f2679f632c9c38d28e61208c9d88155dad36c0c180a73ff853f4bc45b68208a518d34d9524d7b9473601267d5cc572dd94b25a55e1b5138bad72c4239256811c81c5ae7d5de28c8b5a0d09380e9a9c1587d02511c5348ce0db28bc38c2a0738ae1d8a4d86c7206865ebcdad434e22bb0d37ab9b644236d5c1ae969c51404306f27653727be2d128d524f2d90342db4b5f71c6bb8f32efad36c3e2b4e7b72a6c55163f2a0fefa54cd2ae05c2bd02bb555696e2d25ed19a374431f7da65745c5371c58e37dfb2a6840155471592425e6d1218eec7402f0797c9b0d363735acb03c7061afa96fdd78ade6ff00691b42e16dd1cd27f16e2acab12457953b9f2646c568702038735464ae18dab24c05695ad3123755769b46f3513ec0c00497b9334e9c824e49f428d6e2d64f49f054da591d8e17c1ebb8daada51667c1dd98b2c6da8f19c4f600df82d451588f467dde6c65104fa21452398ca209f44c2801a426d13e89a500513fcacde78f771a49483f9b379e3dd468a908b2d5e1f6587d18ef2ac4055fabbfd2c3e60f8ab20144620110927510020884a88808015178f7844d17c0db5cea5239db5aecbd93bda01eb5ec4b39afda2593d8e42471a3064611982331d042525944a127169a3c4edb217ceebd9dc67b0bb11ccad2c71e0305473cb496377e26969df518ab7b34b82a96c711469d13dd36cb38e124d01a0de334fd2d64e0e12f2280d1ad1b5ee28d8271515cbb948d63b53660d68340c351babceab45fe97259fa2b356b46173eafa0390ae402b8d69d12d6b680871a5411bd67e2b439f287366baf6826e55bc1903a91d336d04b5d2be9996b1ae34aef7118e1860bb619c37e0b1d5c8afb5f13b091b43cce076f4aecd80b49ec2362aed1da4034970755c7127f4531d6e0e39ffb5ca67681ced7b70ff0abec10709688a2140647dda9c003bffc2936a994dd41b309748c77857826be51e70a3457f315d688e595b553db1e0f5bb2599b131b1b4715a034756d5de88d1157cc8ce46d104e281400c29842ea426908039d10213ca0802825f2b379e3ddc692137969bcf6fbb8d14c459eae8fb2c3e8c779564abb573fa583d18ef2acd031b44f090440480288402280120f6820822a0e041da1145007cf5e10b470b3da5e1ad0035e1cd0320d77fb50acb3d40ed5baf0c9a3a844c284ba3702dfbc6ee5fa2f2ed1569bc06f50b20dc4ef459891772daeee35e951a5b43e41c5375bf897338e04264ac73b015a6d1961b30dcab284576684a727d060b3c00d5c5c7337aa4760192936a111c685c699bb8db28bbe8db3c47c77dda6408cfaf2560efa28bce738ff006b050d474ec5df8055ac65b3341ccad012d34c08c47329ba3ed2ead1d891b778deb93e02497017454d06640e95d1ada51739a8f441653ca2c5f2762d57820b217da6d13fdd63046375e790e23b00584b65a68d00666800de57ba6a4e84658ec91c6d707170e12478c9ef7e248fed190e60a74c30b257d55a9f08bd4914a8bb148092344100353689e535c801a53484e4884019d9fcb4de78f771a48cfe5a6f3dbeea349302cf577fa583d18ef2ad00559ab9fd2c1e8c7795641218e08a011400424924800a89a56ded82274aec6e8c06d738e01a3a4a912481a2ae200199268160f5af4a09de1ad3fcb665fdce39bbe03ad74aeb7378442735159337a66dae95e6594d4de15dc057203605e6168796b8c8c1f79d8735e3f05e9ba42c97e27b4e179a476af38b2425b5638620d08e7182b3ab5b6292e8e7a3f7c9e49767b4078041cfbd4f84d68a8e7b33986f4781da361526c3a51b93f8a77159738e5706c5766d7891a8d1d608e43c6634d3f11a0076577ab4b4e86b3307178271c6a698d49ae1cca860b6308c1c93aded60379e1715bfac1ddbafbc86d2da60ab2d5680dcfa86d2b95a74d8761102e3bf1bbdaa27067c671abb7fef20ba575b5cc8e36daa5c40b0d0d2b1eeb85a78573c50d2a0479b87365dcbdaf53b48507d1dc72c633cdb5bf15e41a8f60bd2ba5232e28eb22a57a2df2c735edc0b482b5e15eea79ff0c2b6cdb69e8a1054563d668dd8480b0ef18b7fc2bb8e40e00b4820e44620aa72838f658524fa1e9a9c828921a4a0507a2818134a48128119f9fcb4de7b7ddc69253f969bcf1eee349302cf573fa583d18ef2acc2acd5dfe960f463bcab24863aa884d0571b5db23885e91c1a3da7a06d4c44955ba574cc70822b79fb1a0e5e71d8b33a5b5b1f212c8016b76bbef1ebd8a9607125c4f3fb333daad55a572e6457b350a3c225693d2d2ccee33b0ce83203700a2b5a98d76ddfdc325d18debe757e3051e8a6e4df600ca870fde4b15acb640d7b251948dc7cf6e7eca2dcb246b77f48153d8a8358ece6481d71a4f06f0e029c6a1c4e1b450fb173d4437c1a3a69acd962328e655467d9da4f1803ddfe14a81d55d4c55e6580db4cf4aa2a488b068b89c306dd3cc484fb4e8d899f7493ce49ef52059de0d47b0ae5340f71c51bde7b17a697d1058c00e5d03f55da7182ef0d983732ba4315f900a615538bdd249109adb16cd6eab58f838d8da634bc7a6953deb4724782aeb3452461a436f1232bd769bb120ae8fd2c5be5637b05697bc66e1862e6e439caf40a388a48f3136e526c74751d392b0b0db9f0905a6953423ee9e91d4a0c8e068e69041c4106a0f3e09f6a755808dededa850da9f0c93935ca367a2f4cb2614f15ff0084fc0ed56555e793543b0c368237abcd17ac14a366ea7ed1e77eaa9dba7c7312dd57e7891a52102531af04541a839119244aa859094d489409401433f969bcf1eea349097cacde78f771a4a405a6ae9fb2c3e8c7795625c00a9380cc9557a0640db2c25c4002315272189592d64d64329e0e3f107ff5ce7f44e10737844673515965d69ad6c6b2ad8b13f8be51f158cb7dbe494e2492e3b4e345ca284bb12bbc30f181fd85a75d118146cb9ccef18e0d9cfde4a4ec389cc01e615a92a559ecc6595910da7bb256d64d4d9dd5324ad6171a900171e85d256463db39c6b94fa467d989fde5f00a6450139e4b4967d502d14e19bf90feaa4b755ddcb0fc87f550fe8aff00493a6cfc32d678802540d276335176b506f0a1a5e031bb55b91aa873e187e43f32169d522f14e18731b8703bf34d6a6b4fb23fcf67e1e5ba63447091f0f1b4091be55adc9d4cdd4d8edea8a215150bda1ba9afa87199b787de0d209dd5c71e85536ef06c5f887c6d3bda1cded6e4b3b555d763dd5bc1aba3d44eb5b6c4f079931e46c5cdd78e6b7cff000716a6e4e8dfff00a23bc2e0cd40b5d71601ce1cd3ec59be9cf38c1abebd7b73b8c41889a000d4e40667986f5a8d01a038322595b42326e74ff2b57a2f525d1625b576d7120bba8fdd538e81989f26034642a3b7f7ceb4f4b4421ee9be4c7d66aa767b6b5c14efa815fbcec07373f526dde35dd80515dc7a067a97160ae4054601738f404e09263dbbc2d1f5a1fa64fa53fc33b3e8c2d37e01439ba3c9b2747e17f3edda98d9aadc0e0483d18d082361d8b54343cc3fe33ec55b6cd03335c5cd89d43e301b1df8fa0d31ed51df17f64f6cb1ca38cc452a54295a48bdd8159b7464ce00f04e208a83445fa366e45ff94a37c7f436c889a374bbe1381ab76b4e5d5b96bec3a4192b6f30f48da0f3ac15b6caf8fc6639bbaa08a85cec76c7c4e0e69ff2372e16d0a6b28ef5dce3c33d28140955ba274ab666ee75311f10ac02a0d35c32ea69f45249e566f3c7ba8d24a4f2b379e3ddc69206662d9a51cf86289a486318053f13c135af3055f0c63c63995cecc38a0eea8e8a12bb85ab4d7b20675b27291dc38009d6666d3b715ce3654f30c7ad7786a05e3b9763932f35522ada41dd53d80feab7b458bd496d65aff613da405b701676a9fbcbda6f1006a751145572c002292490092482450034a69694f2535c50035c516b520daae88000491410004114d298090292081191d73655f16ebafef6feab2062e2f461d856d35c1b8c7d0ef82c7da36ad0a3c1142ef30e8e94b0d41c46ddcb69a2edbc2c61f4a1c9c3710b1961667dbf05a1d5b374c8ddf75c3da0fc157d447ecef433abfcacde78f751a487fcb379e3dd4692aa593cff004649506bf89c3da42950bb150347647a5c7ffa729913aa015b70f1465cbc993acd913bd4a9d951450eca78c3a7b94c7cf418669e0864d2ea3817dfccc03dab641633506221d292730ca0dd8b96cd65ea3e4668e9fc028a154aab81d8292154aa800d50aa55402004803b13d31c10016a72e61c9e0a00452490280126944a0502014d28d53494c0cd6b96519e777c163e738ad76ba3b8acff00d7c162dceafebccb428f0450bfcd9de0753af1eadcac344daa92b5d5f1896756cf68550d9732b836721ac2331423a463f14ed8e530ade19b11e526f483ddc692e7669039d2b8645ed3db1445159a681e7b60767ffa07f3394988d303d2abacaf2dbdd2eecbc4fc54f6ca1cd046cfd95b95ae119363e592a19313ccdeff00f4a65976b8f52abb2baa49e703aa9faa9e64a10149a226e751cd44a79da3bd6a41594d43f2721dee1dcb535591a8f919a547c682f7d054d70eb51469488fdfd95f15d9655cb25da665e6915a5411db828125864786973c34b41171be4c82698d71addc1723a939b6b61fbdb6ee3863bb14a7b5b1940f786d72aed2720a2da2cce710406f94bd8939500f81c13b49591d252eb80a56b5ae47a3afb51840769adec6826b5e6c89ed4e8ed6dfbc5a0f33aa3b480a345622d60681f75c3ac907b33424b2bafbce14782038024824500757ee8e64809df4967e36f6849f3b434bab503762a9e187840f6099f56bc54baf0ad050dd185056b961553e0b3dd8dcd036ba978d7326849cd180c9d62b4b1f5baecb3d847515d98e1bc76854965d16783b85ac0f0e06ae1c2168dec79189cce3bf25d9da389031a017aa2801389208a0a6e4f816596f5409557358aade2c6cbd46117b8a2bb721ec5ca48a421ad0034d0b836b405d7f1c68478b961b762581e4b9aa690a3596b435dc2b8538d8d683b1563aca04a1ae2d17afdd6073af1174f1af13518ecd88c0174530aa382cb35da7061af0595bd23dcdb95754820e2ea53ad59589a44601cf1ae24ed3b4e29b41933faee78b1f4bbb82c687d184f37b02d6ebdbe822e97770583b4daa8d206ea75d56969d7fcd19f7fc8ce8e79e0dee3856a9911c1a0eeafefd89920ab5acfc59f46652be0bcf60e8529ae08c7b357aaf25e8dfcd25dec8e34972d4cf2737a63eee24966497b99a107ed4625cfa169d8ebcd3d21cef8264169b8f20e457373c96b9bb439ce6f539ca2da45f15079c15b70f1466cbb65fe88702d779ceefc14a94d08547a0e5374e34353deae4c95006d09b20d619e87a81fd3b8ef79ee0b4f559ad4314b283bdee3f05a305635de6cd4abc10e2547b65b1b18e366721cc36f4623b57750adf63bee0e20b85d2c21a6eb854870734d46d0b9a26c9305a2f6cd95de08caa0f48a2e5f58b78d563c0660e346dd073cef629f638ae8db80ba0100500df439ae46c17aad790597afb000439afa975eaedcd003beb58ee8751f748ad6e38e19570d98a79d22cdcfce9e23b3a5776e4dfa19bb74bc8e216173707549f186e42cf62b8d0dbc5c03ab5271bb76ee7bd1c072399a4232eba09bd952e38509c699265b348063a8486800125d7a989a0028173b1e8a6b0d4804b697295a8a54627ef749522d5672fbc038b6ac2dbc284835ad40382005f58c54a9781b31a8c77649ff4d8f0e38c7a5439347bcb2edfa904e26a2a280634db82e9158886dd048c5fc6198bc302d1b11c0b9248b4b0d68e18678e5d29af96370c48206388f6e2a04f622d6817dce68736f1389a0639b53be8e21c8d8a1205c0e69a03c6196228006ece7c503250b64205048c032c08cd3249e126a5cc24646ada8e839a8561b2398d11b836a1e082d1c5bb8e20baa6f6faae365d12784bee2e041041bc097917855fb322324f02cb2d996863bc57b4f4104a7155fa3ec6e8cf1a4321bb4bc4006b789d9b2840a732985e90d193f0823084f3bbb82f3632d5c41fc60750c4af41f08537911e79ee5e696a90debadf19ce2075e67b169e9be3467debdecb5825adf9760e237e284671a57fdae7906c6dc9a313bf795ce192a4f4f729cd64844da6a4f939bd39f7512486a39fe54de9cfba8905993f266843c51838bc626bf79c07e77286e75d798ce1f79bd1b429f68b2c8c7bd8436ad91e2a1c69e3bbfb542d23619240d2d0d0f69c0971a738f1725a8ae8a82e4a4eb9397475d1668d077d7bcab685dcf9aafb242f635ad2d6d40a1a38d2b5d9c5c948b3cae6baa5a3f31f95377431d8bd2964f5fd4f6d2cb1ff00e8fb55e02bcfb446bc430c2c8cc3212d18905b4ceaa68f08907212f6b164d8f326cbf0588a36c110b13fc46839097b5897f11a0e425ed6281336f54aab103c23c1c84bdac47f88f0721276b1006dea91588fe2441c84bdac4bf89107212f6b1006dd0aac4ff11e0e425ed6247c23c1c84bdac401b6aa55589fe23c1c84bdac4bf88f07212f6b1006d494c2e58c3e11a0e425ed6269f08707212f6b1006c8b931ce58e3e1060e424ed6269f0810721276b1311b02e5ccb9640ebec3c8c9dad4d3af90f23276b50045f089271e11fdaf3ed0b03a3e3acaf90fe22d6f5667b56875a34cfd2a46b98c21ad6dda39d435ad7603ccb3fc1c9900dfcc7e55a34ce2a0b2ca76c64e4f058cce01a68a159e441cd908a507e63f2a6c513c6c6fe63f2a73b2395c908572c1bbd46f252fa63eea24549f079a3deeb3c8ee28bd3388e31380646dc78bbda505426d6e65d878a3ffd9),
(5012, 'swasthik', 'male', '1999-11-23', NULL, 'mangalore', NULL, NULL),
(5013, 'sunil', 'male', '1999-01-25', NULL, 'karkala', NULL, NULL),
(5017, 'sunil', 'male', '1999-01-25', NULL, 'nitte', 'null', 0x6e756c6c),
(5019, 'Shreyas', 'male', '2000-10-02', NULL, 'Nitte', 'crim3.jpg', 0xffd8ffe000104a46494600010100000100010000ffdb0084000906070908080b090909060b0806080d09080707081b0815090a151d1616201d131f181d2820181a311b131321312125292b2e3a2e171f3338332c37282d3a37010a0a0a0e0d0e0f100f0f2b1915192b2b2d2b2b2b2b2b2d2d2b2b2b2b2b2d2d2b2b372d372d2b37372d2d2b2d2b2d2d2b372b372b2b2b2d2d2b2b2d372b2b2b2bffc0001108010600b703012200021101031101ffc4001c0000000701010000000000000000000000000102030405070608ffc40047100001030203030707090606020300000002000103041205112213213206233142526272143341618292a10743515381a2b1c1c2246391b2d2e234717383d1f0155493e1f1ffc400190100030101010000000000000000000000000102030405ffc40027110002020202010206030000000000000000010211032112314122320413516181914271f0ffda000c03010002110311003f00d5a8999a3dcc2c9d7667f40a6a8fccb275d60fb3410f183f523f7516c83b01eea520a4627660dd0d978490b1bd05237fb8e94822c02c89ba2497df45748dd1249f04692ee8b601ed24edfbc0c8f6b276a37f6127349cd3b602f6d27eebdd745e5079e5944efd9b9469eb208db9c9631f1158b99c4f95d454b2145219110ddb29e1cb4977916fc0acec3ca0beac7ff911b543fd597becb3d1f944a6bdda4a791d8782484b8bc4c4ace9397985ccecc4f3c777d602af52fe216760d52df572fc12bca47b137b8aaf0fc5a8eb85ca9e68cede21bb78ab06c9d92e4c763be551fd12b7b0e8fcaa27eb137881d3689d1c863db789fe723436b1bfce47ef261d138b3f4b0ba39087f680fd78fde459b3bf48fbca33c62fd51f7524a08ddb807d9d08e403f44edce3663e789051dc3c9d84a2616b88afbbd282d13d10c7a93cc07786e4b7748a76ca18dbf76296b2650334487a504860410f4a08009d21d1ba493a008d5f561494f2d448f947001192c8f1ae55575619595352118979b13b3f95765f2855f2c786b4604223395b38974c83f4785650ef9bbfa16d8a29ec964c9aba79999a59a5371fac25165722cf2de8301f48893a5793cb2367697646d5b5a4528b630c4cd97167d64e6ddf3cb4fb28151c82791eef126e680e3776eca769870922d282be5a7944e2908648caed25ba45a97237946389b49193585110da244b1a864decf970f12b9c1f12928aa46784b278c7577963921e50bb378cd0545c9bc5a4c460194d8750f10f595e66b9ec604106468009074689301156dfb3fb3f98a09558dccb36aeaa0b48f42140d908b7644451a4b3ee64335001a3459a19a402b244ec8d2653100290df218c6e22ec8a0613b26c9246aa03e09a27bb875253ef6d2e2e9019a7ca5d54672852318bc9016d4edeadcdd0b93c2f0d6a86bceec88b4ab9f94280a1c6e43ffd908e41fe16fe952302832823ddc42ae73e18f46d862a52d8aa5c3237678acc9b884847792994d82471b3b659896ab7b2ad29e02e9615276642dd02bcf7964cec7473f55864520da41c2a8711c38032b6eeedcbb4a888db3771dc4a97118731cdd9563c924fdc3693470b3c7e4f3e4edcd923cf226c8b776548c51d9a57626cfb2a2066efbfb2bd78bb8d9e6cd54a491d8f23b12c40e48a8e91a3b44848ae2e11cf7ad60ca418ddc004e411d31915972c839010cb263113c6e4c315d24b6f656c4cb9b224a5a24663a83c99e486407eb5a57a702a2237c9a48f3ec9158e9d66489a9e2999c648e3362fac15031c448d85859859b2611b451b36f6f12620aa9b31cbd63fa904e4cdac5bbdf9120b58f42238bee641241f732532cc62d1a26479a401a08668d031b28633e28e37f10a8d361d4e6dc12077a1378bf954d44e8b0380f948c1e37a58eb01a4dad10ec8888afba2ef2a7a0bc6920c8e38e3d9091cc4bbce57c03360f5204d9e8b972f494b1953c71b8e6d100fe0b1cb3a8a4ce9c0bc8d5362524750f1c728cad1f9d864a6789e356f1573183c960b6cc750dca33d3471b486c39cb20ea22e92f128c216c25dee25cce49f474a888afc56aa56778c238e18c6e96421795c47d95533ce530df14d1c9b41e120789cadecabba2885808498ad92e1bbbbf4124961f183e603b846d11f40ab538afe22e3b33fc5e2262632626bae50d99d99ae62672ed2e9394c0242e5964e2424aaf130608a8d9db293c8c48ff8965f05e9629dc6271e5854a4cef3e4b68086096ac8459a42d98176be95a0332e53e4df3ffc1459b7cfcd6ff15d632ca5ee9188a64459b3696cdee46c8fa5d48c0942da9bc48b24b89b3264c422a7887dafd28d14fa8e36fa4247f88a35a92c880fa592d9371f0b27194142d049446eec3a7a4b48a40388d334ee4e1a8ae7bc86e2eb6f4f21a00d2588499dc5c5fc29ba92b63e9cae211bbb372544d93676dac5c23d91f422b56320e3b114d86d4807149015be25c56075632d346f70dc2369f885688fd0b1eac37c3b19aa859c9846a88847ba5abf52ce58f9a66b8e7c59dacd2c51d3bb9bc6cf20f6955963148545259b0d9d315a65fd2b9c27a9c46429243902393490896fb7baa7d361d004051ece078cbab24b7dbeb587ca8c7b67526d9798355d2c8c6c3247b2a92ba2b8bd497552c6173390b7b4b8f970bd9b91c12134625e6c4f6ac2a2d4d7d4471db21dce4242325d7aaf90a5ed6272aec572a2a80cf660f9bf5ad55788131ce20257b40031090a8d3c846ee44f9b9129381c0f51885344cd9ed6a631f8af4210508afb1c739f26cd939194674982d2c72090c84052189756e7b95f326c5b26666eaa71973f648a46cc8b24a408192762e96ee8a6d9381e9f0a100d9ff8989be885d12393fc60faa2fea44b5427d90a2e16515e52779f6664ee424203f5641d2e9c1f2826c81a0101e12909cdcbfa5220a5ce3b0c087692485295fbcae4e34b6c0910c8c724840e46da46e1e8e8fee470948731ed1ad68ed218fc5ff492e20b1b2d3c22368f75298198dcf5664222a5b40247680cc2211bb0f588f89399c85d0221de22bdd299111883664f9329b18d9c42ccc6f71146425b4913ce9a69089d99e3c864ed16ff00e09c6e8c9baa877e400eb37f947c1648e76c5200228e41d9d55bf365e87f0ad21d705f2998c1053ffe3e2726792d3aa21ecfa1910f7059c250e27347231679b7587b4adde182bb2919c61bbeb25e2fa573f2d310b0c82d69105d6f69331475520f3664cd770ddc2ae58e32da951bc6525a68b9afad3081e189a3068b494919710fd2b9f39889f79272782a019c642e22e1b92e968d99b6d2f08f0c7da25a41460899729b22ef2766662d4370aed7e4c296965c4ce49648da7a60fd9a22f9c22e97fb172b2c6455173813b59e6f8125e4929aa06488a409232ba390743892a7ea546524d33d0ecc94cca8b91b8cbe3185c7506e3b78cb65536f687d3f6abf65c8d500199299064680032703d292c9c0e94d7604499ff69cdfb0dfa9042a774b9fa91ab429764589f4b78525e57377189c73eb49c6c3fdc8c199c199fa2d49776859dedd3c436f692431aa28ddb2637229202e72422bdc8bd0ca733a8b14800e593915d69114637dc49d69a3cb8beeba72b6c07b34c3b914e4c2c2e5088da45d11ddfa91dc67d0c403da2e925478e7292930dc82278e59c6e128c4b70f892423a21161df993b971112acc4b1fc370ecf6b3c6f216a28a0e748bdd59e62dcaeaeaa6d9b4b20c72f1470f34d6fd1f4ae7ea2a7711d83c7b31b89f853506fb0b3afc53e502aa5378e8638a18afb4669876a45f90ae5317aa9eada5967390e590c4b685d24a184a3b9da38f48149ab351e598dccb3dec4568897556aa34f408e929e942a63107df75a404aca9b09789b277192eea90aa3c1ab1a3618a47cb573520ebd2baca7904e2bb35e7e7728ba3d185495a2a2a709727b86311bb88aebd13e191420c44f797f2abe71b999c8b72ada83039accc6d8d64b249e8ba450d452739b4c9544f994f78f542e1d3c4af717ac08c2400eaf19764550018c8c043a76836ea5df87955b38f3c937489f8662b3513bc94d254c125b71ec0ac62fb175f85f2feb0185a70a6a90e1ff00d73ff8259eb49203c9919b3087692e09e4c875979d15b385ece736cc3b95986d58b39c854e5d68eaf47c7a15e4134730b1c671c825c25195ecbcfb15548264d98bb6ad36ab0c3f19aac3a469e86692221d4705da64fb166f1b11bc325874ae6791fca8871e81f48c5594c3cfc177c47baba60df9a94a98d112afa59fc5f8a0856740ff00b9f88a09154458781bc2913bb3908bf0f11a542fa5908b791977adf753420a0e23716ca32b6c14f66e92dd2efe146c93020e3d5ad4587cb3679159b38bc45a564b36d2a0ccb3ea6a225d672ef10dbd40d2467ccd01094ffea92e5089ae0b58b21e6e48cbaaae0896c66a29c42a033963ca41124535048703980ca518cf27391c0e6c8ea1b2d913f4886cfdd75def26eb1a3c20a418edf24392e290bce167fdcaa4e4945a26cce0228d9b7c9c54c5d44c0ec7680e45210dc3715bd6cd6ad4724756ef7d1c6ed6ea92416c87e09f2c330d91b23a0a27ff006193e6bea1c9fd0c9da28c2a48064959af2b44855be158ac91c761891c25f3c3d23e2ff95de1e05841bdc54303176845477e4d60dbac8268edbbcdca41f9a89a8cd532e199c1da4731ff009bcdac3f363d6f4aaba8aa39c0dd9a38b55d1dc5be45db3f24f0b36c81ea42d2d2427c2a2c9c89c3ef131a9ad628eed521b1f17d8a618a31da2f27c4f2d746752c97b380bc8cd695f2175926596408e20671c842eb6d5dd172020c89a3af979c1b79c898d3537206422620ad8b21111b4a07ff0095d3ab30e68e288ed677b6ebb9b212eaf5948a6163b1b651ea9c4789d7683c813920918eb2269663da698b75a2b94a5dd9bd8595114d715bb88b8594724d34bb2b958cc2313ca6eed20b089169d68aa23789e3b4849ac1d43ef25c20ce26fe992d8d3811bc991befdb9ecc23ed0fff004ca9e98ac7305c525c22be2aea77cdaed70fa087d2cb78c1aba1c46902ae02ba2a91121eefa979fdd800a460de2329080975856d5f2770b45c9da5c9b2697692fbc44a24bc948b4a9de31fac64fc451a54edba2f017e9416127b352042fa5bc280bd86e2fb9a42b87f3450f0b25b2640a648a999a9e096627c9a088a42f6592d950f2daab6386144cf9157c8310f8789d084ccf2790ea0e4bdc9e4ab229488bac59ee4cc6c3266e6f6bc63ce15bc43fd4951b94b288b6e723b84bb2229731048ce510936aba78cba4bbde15b27ba3368399e3d9b1085d6c977385da6fed5dc7276113c2f22016096790ad11ddd2b870d7010e5bc47f95ffb9689c9d066c2a9f36e20bbe29495227b24454ce0cd9741291b001dce637766ddc9da7cb682c4d9b5c8ddc19dd9e1cd878ad2bd6468467166487067e96531c588d8442366b769a87852045cd89da317b6db450046c99bd09a20deea75acc4d19c622fe249d9b18ddb1dde3b2e4015ee0de84de44ceac9e38f36678a76721bad1480a58e46b85aa59bb56b205456d7d41d3e155530110c9145214725dc2422b3082438e94b222679ca390cbb5b889699ca9668f02ac717cdbc9a4d56f6b4acdde98fc9f366176d9465a4bc42b682492255ec5ed04623da00bb41117383a1ca734d91152bbb1b0eda51b46de8862fea4c4e64f1ecf22e6ee9091d33df2334af73915c025da57c6b655f81b94480f22eb757b2b7ae49c5b2c06803b343197bcd72c16a048dccf3dc276fad7a170c8f6386d387d4d0c63f759299511550de67edfc1042af863ff3fc905cf2ecda3d1590f0b271220e06f0a712330d9673cb7c4fca6b9e28cb38b0e1d9090f414a5d2bb4e50569d0e1d35446d9c9185a1dd22d39ac9ca5737777727722222bbac4aa2bc88173991947bad1b447b284666d3ed19f447cdddf772481628d99d9b362b890ce31819df68d711108ddd6e15a92cb284ec90e268c434dbeb5a160ece385d267d250092ce07338e295989cc47672fe4ffc169d440c1454e1970d347f8252e88ad8fc0ecc62e5b98491c52946fa7a2ed5de484a61cdba445bb44b22c3372092f17ceed4245d614a7959e331b445c887cdf591793c9e86b9bba9ef26067617292e906ed22801a77679637cf368c46e2eca4ed23761691a4778b48eccb7292d16cc5f2321d5a8ad4c54c62c598bc6dd621e0400bdbb14b1daf68db71a66fe7227cf26b3fa930edbf724113bb30bf5785005572cdecc02a7f78223ef10ace58b280b7f0c16fde5dff2e8adc0edfac9e11fbcb3da891a389b3b598b4dde27fed5d11f6c4cd763134ad937a5a4b44bf8a7da661312011768cc6d90877fb4a0c86c6d7f4311dc222a54440f78b87108905a5d654d1a212571c8ecefbe4311f8af450b594c23d9884579fe99864aa898405b693c7dff0048af40cdba3c9bba3f15127a4521babe10ff0053f224126a9f403fef3f2741612ecb2be0e06f0a5b2441c0de14ea0919aaa68eaa138260138a71b4c57058e72367a588a5a6923969a0122b66d051ff0052d0d675cb1c4a49abce21ab26a486d1b602ddebf1166857e04ce508a41177b246b6d13fa1226dcc2598b8c5d5ef1278e5b19f672108cfdd70b5313064cf91098dde707acb7422c30c9dce278dcb269349978ba1fec7fe65aa8e51c70c6ff5623f059c724f05f2a92596579069638b4fef0bfa568bb7b6385cc46e922122eeac65256d20716a9b25793be59bbe4fe1dc902239efbb2eea7e392e6721389d8b50ed3aa905b9b367cfbca4414a7764d964c3edba71a41276cf736cb67e14980b7befc9c84844bbc9eb9c182f7e2b848850323e65bd9df34dcc5793965c4a53659b319c79ddd5d7a54595f2276761d3a5310cbb3e79ead291933f4ee4ebf42689fe948473df2804c186403966c5590e92ff0022259be2efe6c46e61b6e5a3fca0c524b4d471c61217ed5715a37da2225bfef2e36bb0796511b1ef6e2b863f52dd648c78dc878f1ca5b5128299ee1707dec257129a31996462c2cd75b771b8fd89a86925867b5ad7712d4320a9eec519661188e9d425ad5ca4af4571689380c2e588528c8c4db4ac86cd3c5a856f13f0b377c562bc969249b16a112291c7cba38c448af61b757596d333e6e23916a2bae59b1a18aef31ed3208eb1f987f10a0b2976515f4fc0de14e33a6a07d0de14eb20921638520e1d5251110c83015a43d5596cb113c81190c8fb4e28c4b72d3794676e193b33e4f288c43e22759f35311cd9bb90947c45196eb92e4a3d828b93a4438a8a4a9906282326722b466b9f2b7d2fdd5d0d0f26208998a4e74f8b9ce84ee1b108866370397655d0d2b9c77492ca51dba86edc4b967f1127a475c30a8ed95ef8ad252cf151c71cf339483e5325106d5a11f4dd6fe0ba49a7a4a861318e436b74ddcd5aa8f6cd018c30c11b47d9847853a4139b399b947108ea1f492cd64ae8a962e5b9160f534d1315d2411b463773c7bbf8a7e9abe8260030ac81b68236894adc5f42cdf10ac8eab16618c44a1a080a32bb5f3a5fa93d4470bb44cf1c8ce3583c27d65d90b51b91c7978f2a89a48bd393e8a9a627ec89b25ec99db49c6ede259b80c0f54e574a2fb52d36b24cc03e4b1595242f74843766176f5a6ad231dd59a508480f98bc6924c64fac2326ed7a56747595714124835353b48a711192395fcd13742552e375f7537ed756ed24a426245c49b4aac1367792c442da409fba4498703667728c9987897154fca2c51e6707aa2261da71031abce4ee2f5988c2652c91f34622456305db849464a822a09cd92712d711c93810b8f05dd515574718942f24824175d6c643d556b513c7552e47209ec8b8631d224a062b91888c659b7ce108f08af3a52b67a7054a8e56be213ab77161cb56ab556d4cc42ccc459bc6adaa4b322b5b84b4f74550d4c8d2d4d83bdaefb4ade975e860d919e923a2e4685f8f50f0b73f75be16225b1cafa85964dc85899f1ca62cc5dc4a42fba4b593e31ddd525bb3863d0cd67982f10a08eb37d39fb3f8a0b297659574fc0de14f32669db437853ecc824a0e5948e1460e2e4ce26520fb2c4b90c3e48cda3707b8483896818e51955d0cb1830bcb6dd15dda594c705561a2321091424643a7e6cbd2c5d959ca1c951ae2928cb67511cfb27c9db3656d4320d48d9b42b44bcddcb96a7c52391b7146efd99129f18181df5e5fe9e85c7f2a57d1dce51af71d71cd1d3e6114774bf571f4aa0c57189a958daaa48ef97cc515315e7278bd02aaeb71f90e068b0e824129b9b29eee22e2e950e8a85e2209243dad44f38914d27f9097ea5be3f87f3239726651e814d4c604f39814655a2529436ee87aacddee15368f2176277f375d1a0d31b147acb2f26b887c4e49c1a81079d8a38df6328969d1e95d4eebf4715db085f3ae606defb52b93b5b1b885333b66d748256ff9a766929deb9f38c85f6bc425da40ce0f256b8e4678e79044a41e145faa0fec2ad30a589fc86476027b8a3eafa941862219295d82461f2b2e21f52b296a73a23ca421619631da47d6dca141512b1528ed09eeaa22f67243be3f90556400b86790b22d232170abdc0aaa9a969882539c25d9c729c71fce0e4a98ab256395d8f86293aac91593c8f54c2464f6c10c7d8eca5960e7a6698e7c1d9d5d1e214751be1a5a93bb56d24d6ca4d44e25098474f2ed0878adb18567f4d51252b14919e6e276ece4cf2eb2b09b1fac6a690439b22b63ba337cae265cd2f8495fa4eb8fc447c9578ad738914425bcb4c843d54c431c60cd242f7149cd94f3170fd8a0b0bbcb6c8f9eb1b896e141c9ac2c288299a920384804b9c1bdc8be9cd76b4b1a8a473ce6e6ed9caf204212c662d91c67b0824b887b596ffd2b4c37e745bb84b9cc0392b0e115e75304f3bc536d2ca4905b28eef5f5b857447e79bbb17e692764a1352d7426de1fc504b76cc72f5a352d6ca2a69db40f853ccc9aa66d03e15219922045b9aa2c6393015b214d054494f34baa5111bc642fa72ed2e85992999219c543c8bab72669ab29b6575c5b18b7926dfe4ee1396e2ab9de3baed9dacbbbc91e48b60b4709ca9c3e928428a920018861b8f9b1e2f597baa9361be261385f67b42e2b3fef0abfe5dbfed51feee97f99d73723b6d3d430485fcca92d7ecca4f628a9a409199c4bfc3471dc3afb2982e9aacf77ff00aa43118d53b31135bb11e2f58a4bd51b8545c319dbda1f5a7bafd0b5626a9b3c4326edc7fa514e5fb21f7aba4b7f827eb278fcbdae8473ba32ba32b12660a73a48d9ce58f9f98b50dfe94d3dc3d215a64197cb4a18a38a1228259c88e4b7d43f92974d4b231d23bc7235a529169f520c4e147280c84431cf19090959e845475079d36524affb490f17a9295b8ebea3556436a6336932096eb754643bc873eaa2ad8257aa94edc9baa445e14a6a896f9729256d9c5215d7f0a2ac7690b70934d200dd6f44d7374f74968eedff0042444381c48dca48b2da7575a915010ecc75484fb7bb48f15cc29918f68e60cfb8a58c44bc5723dfb077f4c6225eeb90a3c8ca899b29a4cba0496fd8515f454e7f594d197c056066cc734aed73f112dcf92f334f845148cfc54718fbad6a59ba8968b88f89bda492df31774052a3e26f0a4f4cb27b23f0511e8b14de9411b742098caba6e06f0a799314dc03e14fb28207192992592d200668d13323486707cac9c25c4258c8049a208e3e2f092a596384a59598c85c60b6d21ddd02a5f28089b10ab90aee70a4b7ef0aae2d5512bfef063f88ab8ad33193d921e027aa37078cdb6f18f365d971509c0c63a9cc246d3d9f5a7a1267ab37cf8ab07f1450d4cad1d465213db195b77f9aa7752fc0b5a115c5fb60bb6ef325f0149aa2e6231cf7c72cc3f152abea49a71620849b65196a8fd49aadf27312bda48f6755209147adb5309269d385a0eec38a9a4928a57061ca438adb8bd48e9686412a66ba2d32c9216bf5244bb30a52603b848e3b4b83aa8a9ded785d9b37d9ce5f050ef8fe4ad72196a3999a522d9373126abd91cf4c3e54cc5240dcd08db7775448c08e3972def208c63ed3a7aa06dac367ea915decb2d1a7c9fabc0ad520a8da11959b3909b6f095c3a132d3008cb900e45b41e70afec925422cd500ceff005045f75457072137162e221425e7fa1d91281989ea1cbea8bf15affc9dc8e7805367f345207c564340cef39c7979c88aefe372d57e4c2473c12d7f9aaa9047ee9232168ec63e9f652477c9278ff24e44dabd9488db3291fbe4a63d1628504a66413029e98b9b1dfd54fb137d2a1d146cf10ef91b4f694ad9f78fde53c188798c6eb731ccb846ee24a62677c936d1bbbf1967e164e34444dc7f712e120d0acd19130b3bbf546e44d11f6c74f685227a692488e319231da0db75afa52e320331aa9ccea0adb5da58e492d21eb1392389e19272ba321da5608dd19765eefd2ba52e454f7890d5d33da36ea8dc3d3726839195d1be6d2d013894863a9c35135ade854e3a32a767374d146725f198bdd5775b2687e82251e3a6982199de32e72d11b75f13ae8e2e476271336ea42b7685a67eb5b6b26a1e4ae310c566cb794f1916ce76e1154d3dd7d8493d68a2c4c08aadc598b4ece31d3ea4dce0e4150fa722aa11d5dd65d0cd82e37e56e6f4d3ecb6b75db8f4a666c331178d866c32a4ee96490ad0b1c7e8e146ee082bb39c7a398821279628e976b209dc5beec87d0ad22a2f3794903b791cc3c5c49cc4f0ca860718e8ebd9a328f4940e7e82cd22969a763a6da4552d6ed84ae89c2d1265326dabfb8d2a642a7802cc9e68598aa6112b75fa51d6842157504f248ee2326911f526a202013cc646b4e39350f65d0c4599eb67cba086411ef6e56d3e53ff007d09f08439c71d4bb0866f18c437485d9b53213198180bc62dce15a23ea4ecf1b7941167c411c83f74915353965230893b884d1fb5ff006e4692fd0d14d013c75b13f46d06d25a77c943e787550f66b3f259a5447b39a0727e1e2b7abbd691f25059415d1fa46a632f812793db65a34089b7ba4c23c4fda32fc52e16dee842da59447a2c3614138cc8262b39fa1f363e153190416802c13a2c890480719b7ba5b36e41040c3cb7a5234102064d9a4b8ef4104c00ed922cbd682090c1bd9f2cd13b67d393f89041021051464f93846fe264d1d2531b6f8299ed1eb42c489040c44985509f1d1d097a3540c90780e1a4cec54749afa6d0b5041481066e47e052f1e1f4fecbb8fe6a6e118050e17b47a488e2f282e72d95cf3b7a3a504136265a0b3033f13bf4a285b40f850412403882082623ffd9);

-- --------------------------------------------------------

--
-- Table structure for table `cusers`
--

DROP TABLE IF EXISTS `cusers`;
CREATE TABLE IF NOT EXISTS `cusers` (
  `id` int(11) NOT NULL AUTO_INCREMENT,
  `username` varchar(100) NOT NULL,
  `password` varchar(100) NOT NULL,
  `created_at` datetime DEFAULT CURRENT_TIMESTAMP,
  PRIMARY KEY (`id`),
  UNIQUE KEY `username` (`username`)
) ENGINE=MyISAM AUTO_INCREMENT=13 DEFAULT CHARSET=latin1;

--
-- Dumping data for table `cusers`
--

INSERT INTO `cusers` (`id`, `username`, `password`, `created_at`) VALUES
(1, '203', '$2y$10$OYE10ACx/XTzX4zRlnbZF.VucSaLtzA/rEK/M9xCHk7qiutiF1N.O', '2019-10-06 10:33:45'),
(2, '205', '$2y$10$8bq.wvnon4C6odqTZs4Fu.2i2/PKYUcDlA4AWbBVFvTb4WVeRgK.6', '2019-10-06 10:34:17'),
(3, '207', '$2y$10$o/5V.m27/lZNQ8.n0WCSGuTdU.xgylrswtsRRm912YDFwOdD.IrqW', '2019-10-06 10:34:30'),
(4, '303', '$2y$10$CC45KMkbhWU.B04qEP0PnePZQdVGX6VSpbnNpSeOyxlxeT.wWiRMy', '2019-10-06 10:34:49'),
(5, '305', '$2y$10$BThF./OzhmFlYl8jZRd3d.LkQVGQBHIQ8OjhDF5b6c4oUQUEawMVa', '2019-10-06 10:35:09'),
(6, '307', '$2y$10$Zqzdi//MGxCgRWc.DLSTJuyeZhKUD7FXHC4LnH/lyIxE4Ek5M/xxq', '2019-10-06 10:35:20'),
(7, '403', '$2y$10$R1UxIYZsvD1nh0z5HFnXI.DauhXKP7P36ErjKpHDA0F9QHsPD49Ga', '2019-10-06 10:35:32'),
(8, '405', '$2y$10$P/Rgyc7S4QWXmnGwb2J70eKUmFH2n/Grq324m0XubkzaPFE9Qomwq', '2019-10-06 10:35:44'),
(9, '407', '$2y$10$iLRdHOMyw.1GADz/NIvDn.hn.SS1VH07eJZIRmGW26soNp5T9j6Hm', '2019-10-06 10:35:55'),
(10, '503', '$2y$10$uIb41u.b2uSMXNi1OHCX/eQXJ5UrRr.glR7gpU1nvWSAKkMj4IPQW', '2019-10-06 10:36:16'),
(11, '505', '$2y$10$p8WcbhTTXWVHmQmowO4wv.v.Istd.Yi2ujvsQ1C1UgTBZakFNjR/O', '2019-10-06 10:36:27'),
(12, '507', '$2y$10$mohnafX8bDTIwc7nXvB5OuYNv886L7d9PR3.rcMGwh2pgNU6377di', '2019-10-06 10:36:39');

-- --------------------------------------------------------

--
-- Table structure for table `department`
--

DROP TABLE IF EXISTS `department`;
CREATE TABLE IF NOT EXISTS `department` (
  `d_no` int(11) NOT NULL,
  `d_name` varchar(20) NOT NULL,
  `d_head` varchar(20) NOT NULL,
  `registerer_id` int(11) NOT NULL,
  `s_id` int(11) NOT NULL,
  PRIMARY KEY (`d_no`),
  KEY `s_id` (`s_id`)
) ENGINE=MyISAM DEFAULT CHARSET=latin1;

--
-- Dumping data for table `department`
--

INSERT INTO `department` (`d_no`, `d_name`, `d_head`, `registerer_id`, `s_id`) VALUES
(1011, 'homicide', '202', 203, 101),
(1012, 'suicide', '204', 205, 101),
(1013, 'theft', '206', 207, 101),
(1021, 'homicide', '302', 303, 102),
(1022, 'suicide', '304', 305, 102),
(1023, 'theft', '306', 307, 102),
(1031, 'homicide', '402', 403, 103),
(1032, 'suicide', '404', 405, 103),
(1033, 'theft', '406', 407, 103),
(1041, 'homicide', '502', 503, 104),
(1042, 'suicide', '504', 505, 104),
(1043, 'theft', '506', 507, 104);

-- --------------------------------------------------------

--
-- Table structure for table `issolved`
--

DROP TABLE IF EXISTS `issolved`;
CREATE TABLE IF NOT EXISTS `issolved` (
  `reg_id` int(11) NOT NULL,
  `sol_date` date NOT NULL,
  `cri_id` int(11) NOT NULL,
  PRIMARY KEY (`reg_id`,`cri_id`),
  KEY `reg_id` (`reg_id`),
  KEY `cri_id` (`cri_id`)
) ENGINE=MyISAM DEFAULT CHARSET=latin1;

--
-- Dumping data for table `issolved`
--

INSERT INTO `issolved` (`reg_id`, `sol_date`, `cri_id`) VALUES
(1002, '2015-05-04', 5001),
(1005, '2016-05-04', 5002),
(1001, '2018-11-04', 5003),
(1006, '2018-11-16', 5004),
(1003, '2018-12-11', 5005),
(1010, '2019-01-02', 5006),
(1007, '2019-02-22', 5007),
(1004, '2019-04-30', 5008),
(1015, '2019-10-01', 5007),
(1013, '2017-01-01', 5009),
(1011, '2009-01-13', 5017),
(1014, '2019-11-06', 5019),
(1016, '2019-11-07', 5018);

-- --------------------------------------------------------

--
-- Table structure for table `police`
--

DROP TABLE IF EXISTS `police`;
CREATE TABLE IF NOT EXISTS `police` (
  `p_id` int(11) NOT NULL,
  `p_fname` varchar(30) NOT NULL,
  `p_lname` varchar(30) NOT NULL,
  `phone` bigint(20) NOT NULL,
  `addr_fline` varchar(50) NOT NULL,
  `addr_sline` varchar(50) NOT NULL,
  `addr_tline` varchar(50) NOT NULL,
  `dob` date NOT NULL,
  `sex` varchar(8) NOT NULL,
  `d_id` int(11) DEFAULT NULL,
  PRIMARY KEY (`p_id`),
  KEY `d_id` (`d_id`)
) ENGINE=MyISAM DEFAULT CHARSET=latin1;

--
-- Dumping data for table `police`
--

INSERT INTO `police` (`p_id`, `p_fname`, `p_lname`, `phone`, `addr_fline`, `addr_sline`, `addr_tline`, `dob`, `sex`, `d_id`) VALUES
(201, 'Hemendra', 'Kapadia', 8970429950, '67', 'Chandpole', 'Hyderabad - 559899', '1961-04-10', 'male', NULL),
(202, 'Akhil', 'George', 3211547413, '55', 'AishwaryaGarh', 'Pondicherry - 547958', '1974-03-26', 'male', 1011),
(203, 'Bijoy', 'Chand', 2123569277, '17', 'AvantikaPur', 'Srinagar - 226505', '2010-09-18', 'male', 1011),
(204, 'Aniruddh', 'Soman', 3795040021, '75', 'ArvindPur', 'Rajkot - 108371', '1964-12-14', 'male', 1012),
(205, 'Ghalib', 'Dyal', 1875228925, '44', 'KuntiPur', 'Jammu - 170213', '1979-09-08', 'male', 1012),
(206, 'Kalyani', 'Jani', 1313671973, '89', 'Heena Villas', 'GayatriGarh Mumbai - 331114', '1979-09-22', 'female', 1013),
(207, 'Mridula', 'Thakkar', 1089013399, '24', 'AayushmanPur', 'Chennai - 113002', '1980-12-24', 'female', 1013),
(208, 'Anshula', 'Gara', 9097773235, '83', 'Kirti Villas', 'RashidGunj Lucknow - 240098', '1989-12-23', 'female', 1011),
(209, 'Jack', 'Arora', 1191021105, '48', 'Farah Nagar', 'Mysore - 346838', '1974-11-09', 'male', 1012),
(210, 'Hrishikesh', 'Pandya', 5646325066, '68', 'Albert Heights', 'HeerGunj Hisar - 347072', '1991-10-04', 'male', 1013),
(302, 'Umesh', 'Naidu', 1612591697, '57', 'Runjhun Heights', 'Hari Chowk Guwahati - 560566', '1951-01-14', 'male', 1021),
(301, 'Chand', 'Bhasin', 1512643017, '27', 'Jobin Society', 'BirenGarh Ranchi - 378603', '1969-09-01', 'male', NULL),
(310, 'Arjun', 'Tripathi', 5741234817, '41', 'Nishi Heights', 'Kormangala Bengaluru - 434839', '1970-09-29', 'male', 1023),
(303, 'Wafa', 'Dhawan', 1090465374, '72', 'Koramangala', 'Dehra Dun - 357983', '1986-05-01', 'female', 1021),
(304, 'Ekbal', 'Singh', 4266753313, '29', 'Zara Apartments', 'Yeshwanthpura Jammu - 563643', '1967-09-12', 'male', 1022),
(305, 'Bharat', 'Chaudhari', 6184370743, '61', 'Aslam Society', 'Bagwati Chowk Agra - 441632', '1968-03-25', 'male', 1022),
(306, 'Atul', 'Chakrabarti', 5244264341, '27', 'Radha Society', 'ZaraGunj Darjeeling - 563428', '1970-12-31', 'male', 1023),
(307, 'Anil', 'Char', 1258115721, '92', 'Poonam Nagar', 'Pilani - 129104', '1985-03-01', 'male', 1023),
(308, 'Preet', 'Dhawan', 5294020968, '15', 'RamGarh', 'Gandhinagar - 184162', '1992-07-10', 'female', 1021),
(309, 'Nalini', 'Rao', 1871915978, '36', 'Manish Apartments', 'AbhishekGarh Surat - 532603', '1988-10-01', 'female', 1022),
(401, 'Hemendranath', 'Khapad', 8970559950, '77', 'Chandpoi', 'Hyderabad - 677899', '1971-04-10', 'male', NULL),
(402, 'Jawahar', 'Mitra', 9565256768, '71', 'Hinjewadi', 'Kota - 544614', '1958-07-30', 'male', 1031),
(403, 'Naseer', 'Chabba', 8649583929, '61', 'Mansarivar', 'Lucknow - 588731', '1963-10-17', 'male', 1031),
(404, 'Veena', 'Mitter', 8395748359, '54', 'Lakshmi Villas', 'Bandra Pondicherry - 442351', '1971-08-07', 'female', 1032),
(405, 'Parveen', 'Lyer', 3924740294, '87', 'Kusum Society', 'Yerwada Noida - 509825', '1980-12-12', 'male', 1032),
(406, 'Tushar', 'Gour', 3485749384, '53', 'Borivali', 'Trichy - 414186', '1965-06-22', 'male', 1033),
(407, 'Abhinav', 'Mehta', 2948365044, '68', 'AbdulGunj', 'Trichy - 381167', '1965-05-30', 'male', 1033),
(408, 'Raj', 'Batta', 4563246477, '24', 'Bhaagyasree Nagar', 'Indore - 533348', '1971-03-14', 'male', 1032),
(409, 'Bhairavi', 'Lakshmi', 6888946382, '81', 'Tulsi Villas', 'Malad Rajkot - 164336', '1961-11-26', 'female', 1033),
(410, 'Sushmita', 'Rana', 4657768933, '88', 'Bishnu Chowk', 'Ratlam - 541458', '1977-04-02', 'female', 1031),
(502, 'Neerendra', 'Naik', 3748584949, '45', 'Savita Society', 'Dadar Pondicherry - 496784', '1975-05-11', 'male', 1041),
(501, 'Neerendranath', 'Naik', 5555484949, '43', 'Savitra Society', 'Pondicherry - 496784', '1975-05-11', 'male', NULL),
(503, 'Aarushi', 'Aurora', 4786749574, '34', 'UmaPur', 'Jabalpur - 552506', '1965-05-14', 'female', 1041),
(504, 'Ruchi', 'Pai', 8584838294, '95', 'Bimla Heights', 'Vikhroli Bhopal - 420343', '1983-04-13', 'female', 1042),
(505, 'Hanuman', 'Devi', 9584657688, '36', 'Malad', 'Raipur - 569630', '1970-03-19', 'female', 1042),
(506, 'Habib', 'Dixit', 4748589999, '63', 'Kormangala', 'Surat - 350593', '1973-09-03', 'male', 1043),
(507, 'Ibrahim', 'Deep', 4660453945, '67', 'JaswantPur', 'Pondicherry - 225448', '1972-12-22', 'male', 1043),
(508, 'Abhinav', 'Misra', 8574757943, '31', 'Sushant Apartments', 'Vikhroli Simla - 244207', '1966-10-15', 'male', 1042),
(509, 'Anil', 'Varma', 4656879740, '67', 'Deccan Gymkhana', 'Kanpur - 516266', '1972-06-02', 'male', 1043),
(510, 'Natwar', 'Nawal', 8584888899, '40', 'Dipti Apartments', 'Mansarovar Udaipur - 561061\r\n', '1972-01-24', 'male', 1041);

-- --------------------------------------------------------

--
-- Table structure for table `pusers`
--

DROP TABLE IF EXISTS `pusers`;
CREATE TABLE IF NOT EXISTS `pusers` (
  `id` int(11) NOT NULL AUTO_INCREMENT,
  `username` varchar(100) NOT NULL,
  `password` varchar(100) NOT NULL,
  `created_at` datetime DEFAULT CURRENT_TIMESTAMP,
  PRIMARY KEY (`id`),
  UNIQUE KEY `username` (`username`)
) ENGINE=MyISAM AUTO_INCREMENT=42 DEFAULT CHARSET=latin1;

--
-- Dumping data for table `pusers`
--

INSERT INTO `pusers` (`id`, `username`, `password`, `created_at`) VALUES
(2, '201', '$2y$10$Wml9Aqdeq3V8N71Tb5GV3..6NGU7KUh2UXyRzzcX8iT/rkmIjz9Hu', '2019-10-06 09:53:45'),
(3, '202', '$2y$10$GPYIwEGS1o8kImypAxwPbe5WZrGG.daIJiKgXfVn3he7UYRj/KzeK', '2019-10-06 09:54:01'),
(4, '203', '$2y$10$2cHGlFwIf1GRsXKYoh0Z1.EuEBdPxjSzREheB2TXaDsmYIOl4zrqq', '2019-10-06 09:54:15'),
(5, '204', '$2y$10$PnixM/.iEzExTx5/nZYVr.IZQB.KYVje8/pt.MFv0l4o5UpURh9WC', '2019-10-06 09:54:34'),
(6, '205', '$2y$10$XiCMUR//8urrutpnPGTP2eB91aUF2o6ptTLS2AGjIKAC6AcCoV8Pi', '2019-10-06 09:54:57'),
(7, '206', '$2y$10$RVqmlU6vm/gnPYa6tPgNy.ybSDbzCRlU85lP2Zh5gemEKSFYfqjGG', '2019-10-06 09:55:13'),
(8, '207', '$2y$10$umbB8uZVsy67v7uxA9a4cOQpVwI2r8b8Sg3OBlPx2vmejCyaU7OBG', '2019-10-06 09:55:29'),
(9, '208', '$2y$10$sRj4ct6YMDs3IBGpt01xfeREck1jNPba01FuNpJPFPnMqkq9V/tzO', '2019-10-06 09:55:44'),
(10, '209', '$2y$10$aOtYdnr9v2SeQQxlPIDNseYsFDdATRCqLpN/ODaqHU4YX030wvk96', '2019-10-06 09:55:57'),
(11, '210', '$2y$10$eC7lsBrr2FuQYWLVWl0ncuNcoHqs8Wp4TKbETBu4M4tAjZ3DSge.i', '2019-10-06 09:56:12'),
(12, '301', '$2y$10$Eh9NFP3plRTXScg65NU9bO1FSRv90ZW2LJp0oD3Vy921tF5/2D91O', '2019-10-06 09:58:22'),
(13, '302', '$2y$10$m0QOSDv8uJdIuLtO1k49WusAsLLXpPj6Y0t8NI.VPXDWVNWKAwsPC', '2019-10-06 09:58:55'),
(14, '303', '$2y$10$0ExGzOmz4NRqbW9Txpqt/ew9u5NvlshHy2UGX5CoSaebPNo56hdHy', '2019-10-06 09:59:23'),
(15, '304', '$2y$10$8tPE6G77wnII3/41MK3FQOpRb76SIl53Hh32drhjsNhElSX77sKYi', '2019-10-06 09:59:39'),
(16, '305', '$2y$10$7HnFRMwRNznN2azD0svyIuT8EXvheDGDz7gvo9Hxzb6IFnzhFiwWu', '2019-10-06 09:59:54'),
(17, '306', '$2y$10$K4N417N6oNBoFef6eVM3WeOkaIZVYSXUWlVJoG3nGre2giqPPgrMa', '2019-10-06 10:00:08'),
(18, '307', '$2y$10$husrty1lAxNawB/dqanLJOQzomFALGywGzj5SlY4.RlwUPLIvJb86', '2019-10-06 10:00:29'),
(19, '308', '$2y$10$BlLPIVoWlJrpiniLoXu.xuySTfC8C8Yf/99uexC33bkNMLxQOh4k6', '2019-10-06 10:00:50'),
(20, '309', '$2y$10$kEoTIJKfM7rsDRzUZs96q.LqUDr4KrSMO3evrYkX4vKTgIlX5dGeK', '2019-10-06 10:01:04'),
(21, '310', '$2y$10$XDuPZnbWLhR9Z30NtthulOKpxixkPVtYo9T34iQBJetjufzMkk4RK', '2019-10-06 10:01:19'),
(22, '401', '$2y$10$w80.gPfV5RssjMTmkwK7.OCPMhdbhI0W2IK/4bS8mnEK9KVhEOVRm', '2019-10-06 10:02:40'),
(23, '402', '$2y$10$2XdZ9la9Gz9fAEER51HJUeB8HRVrPLAdPVjqdCDdfSMHbbLwJJDHW', '2019-10-06 10:02:54'),
(24, '403', '$2y$10$vBaXm99rzJjNtAyWu9IEDe6BpGPopvlvScwY4WoNwyEfOaiKFXS/y', '2019-10-06 10:03:09'),
(25, '404', '$2y$10$OjR4/0uNLw2OFPgFhY5q3ewjMrHW.NsJ/UKKrWiz7Yg7U/NYAbWEa', '2019-10-06 10:03:22'),
(26, '405', '$2y$10$gVpAo6vruyxJ11sda.a4.upFdpngciXf2ExlgUzERocyl3wa39tIe', '2019-10-06 10:03:34'),
(27, '406', '$2y$10$orJzJs68L9mlVMerZLTRlOVdviP8R9v9lZh4E/.sBnmvLFrSocTiO', '2019-10-06 10:03:52'),
(28, '407', '$2y$10$O/Q0V899M8IkzF1vXAi83O2bQ.uPfx4PvHsiF1TAo2vRm1eMZm9lS', '2019-10-06 10:04:11'),
(29, '408', '$2y$10$8wkkL6dwmq5.KLEgdjQTruh.AkXmLYhW1ChbgTl03KwAu1UZ95nKK', '2019-10-06 10:04:24'),
(30, '409', '$2y$10$DUGFNa16U3NB06TLOWMcr.PHDwr.i6USuPjCPu9EBUD6dTajri1U.', '2019-10-06 10:04:37'),
(31, '410', '$2y$10$Go9.mxj7NlAl33y4P/XYIOl8P4dqI9SMse.Nx8WIsXj9nbSsn4M3C', '2019-10-06 10:04:53'),
(32, '501', '$2y$10$r/Ks4/ZUOCUl.SPtOV7S7Oe361ryjCQwG1aNtz3iTyBkOd.gO3oj.', '2019-10-06 10:07:04'),
(33, '502', '$2y$10$kBSnLtOf78CEbFhtkisJ3eNqZCDezP9Hh6WPRqR.5CbnzU1Hsa0Mu', '2019-10-06 10:07:18'),
(34, '503', '$2y$10$WDR28PG2t4aFr0IWc2FesuQCE3nXequpHcZjJDcOEOB9srH1tUZb6', '2019-10-06 10:07:31'),
(35, '504', '$2y$10$9hURBIUjXyd1U/OeBMmHVe5Z3y/SqrCrB7JRgbnliLZWykX.mMKYa', '2019-10-06 10:07:45'),
(36, '505', '$2y$10$zgJPiPu50uni5209GzRXuOJsg2CFvybPpt4AT6G8t0nZPeG4DHIw6', '2019-10-06 10:07:58'),
(37, '506', '$2y$10$79JprYtuu1eVG.SyIryZ8OYlCfEJIQaIE9CpFjLzNrLUO/hujFdyS', '2019-10-06 10:08:24'),
(38, '507', '$2y$10$8tmBy9HC4dMb9iIbbNhJpeJKNVdu9DcrA6VQxDoRAk0xuhjytILyO', '2019-10-06 10:08:38'),
(39, '508', '$2y$10$6ephcT5P6p1rluKWzOsm/ODLa4Q.XAi4g54U4j/zfFQcWzw1WF1T2', '2019-10-06 10:08:51'),
(40, '509', '$2y$10$oi.C4BgEY/aUwyEB/TUSt.vcd0Qal0hmK9scA553eoo0cAEeJrRdi', '2019-10-06 10:09:05'),
(41, '510', '$2y$10$5UBshdIgOAQ9Iat/7dh1vuVpxn7FHCuUKAsU4XncTGE7HGZFLutbq', '2019-10-06 10:09:21');

-- --------------------------------------------------------

--
-- Table structure for table `station`
--

DROP TABLE IF EXISTS `station`;
CREATE TABLE IF NOT EXISTS `station` (
  `s_id` int(11) NOT NULL,
  `s_loc` varchar(30) NOT NULL,
  `s_head` varchar(30) NOT NULL,
  PRIMARY KEY (`s_id`),
  KEY `fk_station_shead` (`s_head`)
) ENGINE=MyISAM DEFAULT CHARSET=latin1;

--
-- Dumping data for table `station`
--

INSERT INTO `station` (`s_id`, `s_loc`, `s_head`) VALUES
(101, 'mangalore', '201'),
(102, 'udupi', '301'),
(103, 'kasaragod', '401'),
(104, 'Bangalore', '501');
COMMIT;

/*!40101 SET CHARACTER_SET_CLIENT=@OLD_CHARACTER_SET_CLIENT */;
/*!40101 SET CHARACTER_SET_RESULTS=@OLD_CHARACTER_SET_RESULTS */;
/*!40101 SET COLLATION_CONNECTION=@OLD_COLLATION_CONNECTION */;
